feature_id,family,feature_name,plain_meaning,seller_hypothesis,raw_dependencies,formula_shape,output_type_units,valid_range,clipping_winsorization,asset_class_applicability,geo_normalization,market_comp_dependencies,time_behavior_decay,missing_handling,sentinel_handling,confidence_requirements,min_completeness,role,correlated_features,double_counting_risks,leakage_risks,explanation_text,verification_tests
F-001,seller_propensity,ownership_tenure_years,years since current-sale transaction (fallback: length_of_residence for owner-occupants),very short tenure (flip gone wrong) and very long tenure (life-stage exit) both raise propensity vs mid-tenure,property_transactions[current].sale_date; people_profiles.length_of_residence,nonlinear tenure curve (short and very long tenure both matter),score component / ordinal class,family-specific,event recency capped at 10y lookback,all,event base rates per county cohort (NORM §2),none direct; market context via interactions,as-of scoring date; recomputed continuously,unknown if no current sale and no residence data — never default to 0,registry #1-2 equity sentinels -> unknown; #5 blanket-loan guard flag; #3 term 999/0 -> unknown (family-relevant subset; see approval packet 3C),link tier >= medium for person-sourced deps,>=1 dated evidence item,direct,other propensity evidence features,life-event evidence also appears in ownership_complexity — count once via interaction matrix IX-14,MLS-listed-now and recently_sold are near-outcome states: excluded from propensity inputs for the horizon models (T-10),Explains: years since current-sale transaction (fallback: length_of_residence for owner-occupants),T-10 leakage; T-08 duplicate-signal
F-002,seller_propensity,life_event_evidence,death/probate/divorce/heirship evidence from lien docs and deed types,life/tenure disruption raises willingness to sell soon,"property_liens (AFD/PRO/heirship/divorce docs, date_of_death, date_of_divorce); property_transactions death/estate deed group",strongest-event selection with recency decay per event class,score component / ordinal class,family-specific,event recency capped at 10y lookback,all,event base rates per county cohort (NORM §2),none direct; market context via interactions,event-dated decay from document dates,"absence is absence-of-evidence (weak), not false",registry #1-2 equity sentinels -> unknown; #5 blanket-loan guard flag; #3 term 999/0 -> unknown (family-relevant subset; see approval packet 3C),link tier >= medium for person-sourced deps,>=1 dated evidence item,direct,other propensity evidence features,life-event evidence also appears in ownership_complexity — count once via interaction matrix IX-14,MLS-listed-now and recently_sold are near-outcome states: excluded from propensity inputs for the horizon models (T-10),Explains: death/probate/divorce/heirship evidence from lien docs and deed types,T-10 leakage; T-08 duplicate-signal
F-003,seller_propensity,failed_listing_history,expired/withdrawn listing evidence,life/tenure disruption raises willingness to sell soon,property_flags.expired_listing; property_listing_snapshots status history,boolean-with-recency,score component / ordinal class,family-specific,event recency capped at 10y lookback,all except vacant land,event base rates per county cohort (NORM §2),none direct; market context via interactions,decays from listing end date,unknown when no MLS coverage,registry #1-2 equity sentinels -> unknown; #5 blanket-loan guard flag; #3 term 999/0 -> unknown (family-relevant subset; see approval packet 3C),link tier >= medium for person-sourced deps,>=1 dated evidence item,direct,other propensity evidence features,life-event evidence also appears in ownership_complexity — count once via interaction matrix IX-14,MLS-listed-now and recently_sold are near-outcome states: excluded from propensity inputs for the horizon models (T-10),Explains: expired/withdrawn listing evidence,T-10 leakage; T-08 duplicate-signal
F-004,seller_propensity,vendor_likely_to_move,vendor propensity flags (property + person),life/tenure disruption raises willingness to sell soon,property_flags.likely_to_move; person_flags.likely_to_move,boolean corroboration count,score component / ordinal class,family-specific,event recency capped at 10y lookback,all,event base rates per county cohort (NORM §2),none direct; market context via interactions,batch-dated; stale after vendor refresh window,absent = no signal,registry #1-2 equity sentinels -> unknown; #5 blanket-loan guard flag; #3 term 999/0 -> unknown (family-relevant subset; see approval packet 3C),link tier >= medium for person-sourced deps,>=1 dated evidence item,contextual,other propensity evidence features,life-event evidence also appears in ownership_complexity — count once via interaction matrix IX-14,MLS-listed-now and recently_sold are near-outcome states: excluded from propensity inputs for the horizon models (T-10),Explains: vendor propensity flags (property + person),T-10 leakage; T-08 duplicate-signal
F-005,seller_propensity,recent_purchase_suppressor,recently_sold/new owner — usually not a seller,owners who just bought rarely sell — unless distress overrides,property_flags.recently_sold; current sale_date,negative gate with tenure threshold by market,score component / ordinal class,family-specific,event recency capped at 10y lookback,all,event base rates per county cohort (NORM §2),none direct; market context via interactions,expires as tenure grows,unknown tenure -> no suppression,registry #1-2 equity sentinels -> unknown; #5 blanket-loan guard flag; #3 term 999/0 -> unknown (family-relevant subset; see approval packet 3C),link tier >= medium for person-sourced deps,>=1 dated evidence item,direct,other propensity evidence features,life-event evidence also appears in ownership_complexity — count once via interaction matrix IX-14,MLS-listed-now and recently_sold are near-outcome states: excluded from propensity inputs for the horizon models (T-10),Explains: recently_sold/new owner — usually not a seller,T-10 leakage; T-08 duplicate-signal
F-006,financial_pressure,combined_ltv,total open loan balance relative to value,debt burden relative to value/equity pushes owners toward liquidation,"property_loans.estimated_balance (all slots, netted); property_valuation_tax_snapshots.estimated_value","ratio with sentinel/blanket-loan guards (balance>k×value ⇒ package-loan flag, exclude)",ratio (dimensionless),"[0, ~2] typical",winsorize p1/p99 within cohort; blanket-loan guard excludes before winsorizing,all,ratios vs cohort medians (NORM §1/§2),estimated_value supersession by comp engine,as-of latest snapshots,unknown if value or balances unknown; free_and_clear flag corroborates zero-debt,registry #1-2 equity sentinels -> unknown; #5 blanket-loan guard flag; #3 term 999/0 -> unknown (family-relevant subset; see approval packet 3C),valuation snapshot fresh <=180d,value + at least one debt component,direct,equity features are arithmetic complements of LTV,LTV vs thin-equity vs equity-$ — pick one per model via interaction matrix IX-01,none material,Total open loan balance is {x}% of estimated value (cohort median {m}%).,T-05 blanket-loan; T-01 sentinels; T-02 impossible values
F-007,financial_pressure,negative_or_thin_equity,equity percent low/negative after sentinel cleaning,debt burden relative to value/equity pushes owners toward liquidation,equity_percent (sentinel -999.99→unknown); estimated_equity; low_equity/high_equity/free_and_clear flags,banded ratio with cross-check against recomputed equity,ratio (dimensionless),"[0, ~2] typical",winsorize p1/p99 within cohort; blanket-loan guard excludes before winsorizing,all,ratios vs cohort medians (NORM §1/§2),estimated_value supersession by comp engine,as-of snapshot,unknown ≠ zero equity,registry #1-2 equity sentinels -> unknown; #5 blanket-loan guard flag; #3 term 999/0 -> unknown (family-relevant subset; see approval packet 3C),valuation snapshot fresh <=180d,value + at least one debt component,direct,equity features are arithmetic complements of LTV,LTV vs thin-equity vs equity-$ — pick one per model via interaction matrix IX-01,none material,Explains: equity percent low/negative after sentinel cleaning,T-05 blanket-loan; T-01 sentinels; T-02 impossible values
F-008,financial_pressure,payment_burden_proxy,estimated total loan payment vs local income/rent context,debt burden relative to value/equity pushes owners toward liquidation,property_loans.estimated_payment_amount; TotalLoanPayment checksum; market_feature_snapshots local rent/income,contextual ratio,ratio (dimensionless),"[0, ~2] typical",winsorize p1/p99 within cohort; blanket-loan guard excludes before winsorizing,residential 1-4 unit,ratios vs cohort medians (NORM §1/§2),estimated_value supersession by comp engine,as-of snapshots,unknown when payments unmodeled,registry #1-2 equity sentinels -> unknown; #5 blanket-loan guard flag; #3 term 999/0 -> unknown (family-relevant subset; see approval packet 3C),valuation snapshot fresh <=180d,value + at least one debt component,contextual,equity features are arithmetic complements of LTV,LTV vs thin-equity vs equity-$ — pick one per model via interaction matrix IX-01,none material,Explains: estimated total loan payment vs local income/rent context,T-05 blanket-loan; T-01 sentinels; T-02 impossible values
F-009,financial_pressure,rate_reset_exposure,adjustable/variable/balloon/negam structures,debt burden relative to value/equity pushes owners toward liquidation,"property_loans.financing_type, loan_type risk groups; adjustable_loan flag; adj riders",categorical severity by structure + loan age vs term,ratio (dimensionless),"[0, ~2] typical",winsorize p1/p99 within cohort; blanket-loan guard excludes before winsorizing,all,ratios vs cohort medians (NORM §1/§2),estimated_value supersession by comp engine,sharpens as reset/balloon approaches (needs term+dates),unknown structure = no exposure claim,registry #1-2 equity sentinels -> unknown; #5 blanket-loan guard flag; #3 term 999/0 -> unknown (family-relevant subset; see approval packet 3C),valuation snapshot fresh <=180d,value + at least one debt component,direct,equity features are arithmetic complements of LTV,LTV vs thin-equity vs equity-$ — pick one per model via interaction matrix IX-01,none material,Explains: adjustable/variable/balloon/negam structures,T-05 blanket-loan; T-01 sentinels; T-02 impossible values
F-010,financial_pressure,prior_modification_or_refi_churn,mortgage modification / repeated refis as prior-distress evidence,debt burden relative to value/equity pushes owners toward liquidation,property_loans.loan_type modification group; previous vs current loan rows,event count with decay,ratio (dimensionless),"[0, ~2] typical",winsorize p1/p99 within cohort; blanket-loan guard excludes before winsorizing,all,ratios vs cohort medians (NORM §1/§2),estimated_value supersession by comp engine,decays from recording dates,absence weak,registry #1-2 equity sentinels -> unknown; #5 blanket-loan guard flag; #3 term 999/0 -> unknown (family-relevant subset; see approval packet 3C),valuation snapshot fresh <=180d,value + at least one debt component,contextual,equity features are arithmetic complements of LTV,LTV vs thin-equity vs equity-$ — pick one per model via interaction matrix IX-01,none material,Explains: mortgage modification / repeated refis as prior-distress evidence,T-05 blanket-loan; T-01 sentinels; T-02 impossible values
F-011,financial_pressure,reverse_mortgage_presence,reverse mortgage: senior equity release; foreclosure risk on death of borrower,reverse-mortgage + death event predicts estate sale or foreclosure within months,property_loans.loan_type reverse group; senior_owner flag,boolean,ratio (dimensionless),"[0, ~2] typical",winsorize p1/p99 within cohort; blanket-loan guard excludes before winsorizing,residential 1-4 unit,ratios vs cohort medians (NORM §1/§2),estimated_value supersession by comp engine,static until loan closes,absent = false-ish (recorded loans),registry #1-2 equity sentinels -> unknown; #5 blanket-loan guard flag; #3 term 999/0 -> unknown (family-relevant subset; see approval packet 3C),valuation snapshot fresh <=180d,value + at least one debt component,contextual,equity features are arithmetic complements of LTV,LTV vs thin-equity vs equity-$ — pick one per model via interaction matrix IX-01,none material,Explains: reverse mortgage: senior equity release; foreclosure risk on death of borrower,T-05 blanket-loan; T-01 sentinels; T-02 impossible values
F-012,financial_pressure,person_financial_strain,"person-level strain tiers (credit, card balance, buying power)",debt burden relative to value/equity pushes owners toward liquidation,"people_profiles.agg_credit_tier, card_balance, buying_power(OD-5), spender_type, est_household_income band","ordinal tier combination, household-level",ratio (dimensionless),"[0, ~2] typical",winsorize p1/p99 within cohort; blanket-loan guard excludes before winsorizing,all,ratios vs cohort medians (NORM §1/§2),estimated_value supersession by comp engine,profile-batch dated,unknown tiers stay unknown; income '$0' code = unknown (OD-7),registry #1-2 equity sentinels -> unknown; #5 blanket-loan guard flag; #3 term 999/0 -> unknown (family-relevant subset; see approval packet 3C),valuation snapshot fresh <=180d,value + at least one debt component,contextual,equity features are arithmetic complements of LTV,LTV vs thin-equity vs equity-$ — pick one per model via interaction matrix IX-01,none material,"Explains: person-level strain tiers (credit, card balance, buying power)",T-05 blanket-loan; T-01 sentinels; T-02 impossible values
F-013,legal_title_pressure,open_lien_pressure,severity-weighted open lien stack (never equal weights),open claims against the owner create payoff-at-sale motivation,"property_liens rows with category groups, amounts, dates; releases netted; TotalOpenLienNbr checksum","per-lien severity class × amount-vs-value ratio × recency decay, aggregated",class-weighted count / ratio,>=0,per-episode amount ratio capped at 1.0 of value,all,lien base rates per county (recording practice varies),amounts relative to value (NORM §1),per-document dates with decay,"no lien rows = no known liens (weak-negative, coverage-gated)",registry #1-2 equity sentinels -> unknown; #5 blanket-loan guard flag; #3 term 999/0 -> unknown (family-relevant subset; see approval packet 3C),owner-side party match required (dedup §12),doc type + date present,direct,foreclosure urgency (LIS overlaps stage ladder),NOD/LIS documents must not count in BOTH lien pressure and foreclosure stage — IX-02 assigns them to stage,none,Explains: severity-weighted open lien stack (never equal weights),T-03 duplicate episodes; T-04 release netting
F-014,legal_title_pressure,litigation_pendency,lis pendens / judgments / orders open against owner,open claims against the owner create payoff-at-sale motivation,property_liens litigation group; lien_parties owner-side match,severity class with decay; releases close,class-weighted count / ratio,>=0,per-episode amount ratio capped at 1.0 of value,all,lien base rates per county (recording practice varies),amounts relative to value (NORM §1),document-dated,absence weak,registry #1-2 equity sentinels -> unknown; #5 blanket-loan guard flag; #3 term 999/0 -> unknown (family-relevant subset; see approval packet 3C),owner-side party match required (dedup §12),doc type + date present,direct,foreclosure urgency (LIS overlaps stage ladder),NOD/LIS documents must not count in BOTH lien pressure and foreclosure stage — IX-02 assigns them to stage,none,Explains: lis pendens / judgments / orders open against owner,T-03 duplicate episodes; T-04 release netting
F-015,legal_title_pressure,title_complexity,easements/leases/contracts/quiet-title/UCC clutter on title,open claims against the owner create payoff-at-sale motivation,"property_liens context groups; deed history (land contract, ground lease)","count-by-class, bucketed",class-weighted count / ratio,>=0,per-episode amount ratio capped at 1.0 of value,all,lien base rates per county (recording practice varies),amounts relative to value (NORM §1),slow-moving,absence weak,registry #1-2 equity sentinels -> unknown; #5 blanket-loan guard flag; #3 term 999/0 -> unknown (family-relevant subset; see approval packet 3C),owner-side party match required (dedup §12),doc type + date present,contextual,foreclosure urgency (LIS overlaps stage ladder),NOD/LIS documents must not count in BOTH lien pressure and foreclosure stage — IX-02 assigns them to stage,none,Explains: easements/leases/contracts/quiet-title/UCC clutter on title,T-03 duplicate episodes; T-04 release netting
F-016,legal_title_pressure,hoa_pressure,HOA lien evidence + fee burden,open claims against the owner create payoff-at-sale motivation,property_liens hoa rows + hoa_lien_amount; HOA fee value×frequency annualized; hoa_lien flag,annualized fee ratio + lien boolean,class-weighted count / ratio,>=0,per-episode amount ratio capped at 1.0 of value,condo/PUD primarily,lien base rates per county (recording practice varies),amounts relative to value (NORM §1),lien-dated,no HOA data = unknown (many properties have no HOA),registry #1-2 equity sentinels -> unknown; #5 blanket-loan guard flag; #3 term 999/0 -> unknown (family-relevant subset; see approval packet 3C),owner-side party match required (dedup §12),doc type + date present,direct,foreclosure urgency (LIS overlaps stage ladder),NOD/LIS documents must not count in BOTH lien pressure and foreclosure stage — IX-02 assigns them to stage,none,Property is at foreclosure stage {stage}; auction {days} days away.,T-03 duplicate episodes; T-04 release netting
F-017,legal_title_pressure,support_or_government_lien,"support liens, federal/state tax liens, DOJ",open claims against the owner create payoff-at-sale motivation,property_liens SUP/FLN/SLN/LENDOJ,severity class (government creditors rank high),class-weighted count / ratio,>=0,per-episode amount ratio capped at 1.0 of value,all,lien base rates per county (recording practice varies),amounts relative to value (NORM §1),document-dated decay,absence weak,registry #1-2 equity sentinels -> unknown; #5 blanket-loan guard flag; #3 term 999/0 -> unknown (family-relevant subset; see approval packet 3C),owner-side party match required (dedup §12),doc type + date present,direct,foreclosure urgency (LIS overlaps stage ladder),NOD/LIS documents must not count in BOTH lien pressure and foreclosure stage — IX-02 assigns them to stage,none,"Explains: support liens, federal/state tax liens, DOJ",T-03 duplicate episodes; T-04 release netting
F-018,foreclosure_urgency,foreclosure_stage,stage ladder LIS/NOD → NOS/NTS → auction → REO,a running foreclosure clock forces a decision before auction,"property_foreclosure_events.document_type, default_date, auction_date; preforeclosure_type; flags corroborate",ordinal stage with hard gates,ordinal stage / days,stage 0-4; days>=0,days-to-auction floor 0,all,judicial vs non-judicial state timelines (NORM §3),default depth vs value/equity,urgency spikes as auction_date approaches; episode closes on resolution,no event = not in foreclosure (strong for covered markets),registry #1-2 equity sentinels -> unknown; #5 blanket-loan guard flag; #3 term 999/0 -> unknown (family-relevant subset; see approval packet 3C),event payload present (1% coverage: absence = strong negative in covered lists),document_type + one date,direct,"legal_title_pressure (LIS), property_distress (bank_owned)",preforeclosure flags corroborate but never add to the stage score (IX-02),episode resolution dates must be as-of-guarded (T-10),Explains: stage ladder LIS/NOD → NOS/NTS → auction → REO,T-10; T-14 conflicting sources
F-019,foreclosure_urgency,days_to_auction,countdown to scheduled auction,a running foreclosure clock forces a decision before auction,property_foreclosure_events.auction_date,"inverse-days transform, clipped",ordinal stage / days,stage 0-4; days>=0,days-to-auction floor 0,all,judicial vs non-judicial state timelines (NORM §3),default depth vs value/equity,recomputed daily; past dates -> resolution check,unknown if no auction scheduled,registry #1-2 equity sentinels -> unknown; #5 blanket-loan guard flag; #3 term 999/0 -> unknown (family-relevant subset; see approval packet 3C),event payload present (1% coverage: absence = strong negative in covered lists),document_type + one date,direct,"legal_title_pressure (LIS), property_distress (bank_owned)",preforeclosure flags corroborate but never add to the stage score (IX-02),episode resolution dates must be as-of-guarded (T-10),Explains: countdown to scheduled auction,T-10; T-14 conflicting sources
F-020,foreclosure_urgency,default_depth,unpaid balance / default amount vs value & equity,a running foreclosure clock forces a decision before auction,"property_foreclosure_events.unpaid_balance, auction_minimum_bid_amount; estimated_value",ratio with guards,ordinal stage / days,stage 0-4; days>=0,days-to-auction floor 0,all,judicial vs non-judicial state timelines (NORM §3),default depth vs value/equity,event-dated,unknown amounts stay unknown,registry #1-2 equity sentinels -> unknown; #5 blanket-loan guard flag; #3 term 999/0 -> unknown (family-relevant subset; see approval packet 3C),event payload present (1% coverage: absence = strong negative in covered lists),document_type + one date,direct,"legal_title_pressure (LIS), property_distress (bank_owned)",preforeclosure flags corroborate but never add to the stage score (IX-02),episode resolution dates must be as-of-guarded (T-10),Explains: unpaid balance / default amount vs value & equity,T-10; T-14 conflicting sources
F-021,foreclosure_urgency,redemption_window,post-tax-sale/redemption activity (RED docs),a running foreclosure clock forces a decision before auction,property_liens RED/redemption docs; sold-for-taxes price qualifier,boolean with statutory-window decay,ordinal stage / days,stage 0-4; days>=0,days-to-auction floor 0,all,judicial vs non-judicial state timelines (NORM §3),default depth vs value/equity,document-dated,absence weak,registry #1-2 equity sentinels -> unknown; #5 blanket-loan guard flag; #3 term 999/0 -> unknown (family-relevant subset; see approval packet 3C),event payload present (1% coverage: absence = strong negative in covered lists),document_type + one date,direct,"legal_title_pressure (LIS), property_distress (bank_owned)",preforeclosure flags corroborate but never add to the stage score (IX-02),episode resolution dates must be as-of-guarded (T-10),Explains: post-tax-sale/redemption activity (RED docs),T-10; T-14 conflicting sources
F-022,property_distress,vacancy,vacant home / zombie property,a property the owner has stopped maintaining/paying on is a divestment candidate,property_signals.is_vacant (= vacant_home ∪ zombie flags); usps-style vendor flags,boolean with zombie escalation,boolean / years / ratio,per feature,tax-years-delinquent cap 15,all,tax-rate & municipal-lien practice per county,amounts vs value,batch-dated; staleness haircut,unknown if signal absent,registry #1-2 equity sentinels -> unknown; #5 blanket-loan guard flag; #3 term 999/0 -> unknown (family-relevant subset; see approval packet 3C),cross-source agreement raises tier (flag+scalar+doc),one affirmative signal,direct,foreclosure urgency; landlord fatigue (vacancy),vacancy counts once though visible in flag + scalar + zombie (IX-03),none,Explains: vacant home / zombie property,T-09 missing-vs-zero; T-14
F-023,property_distress,tax_delinquency,delinquent property taxes and depth in years,a property the owner has stopped maintaining/paying on is a divestment candidate,TaxDelinquent + TaxDelinquentYear + tax_delinquent flag; TaxAmt vs value,years-delinquent depth × amount ratio,boolean / years / ratio,per feature,tax-years-delinquent cap 15,all,tax-rate & municipal-lien practice per county,amounts vs value,deepens annually until cured,No = not delinquent (well covered),registry #1-2 equity sentinels -> unknown; #5 blanket-loan guard flag; #3 term 999/0 -> unknown (family-relevant subset; see approval packet 3C),cross-source agreement raises tier (flag+scalar+doc),one affirmative signal,direct,foreclosure urgency; landlord fatigue (vacancy),vacancy counts once though visible in flag + scalar + zombie (IX-03),none,Explains: delinquent property taxes and depth in years,T-09 missing-vs-zero; T-14
F-024,property_distress,utility_municipal_liens,county/city/utility/sewer liens = occupancy & maintenance distress,a property the owner has stopped maintaining/paying on is a divestment candidate,property_liens LENCNT/LENUTL/LENSWR/LENCTY,count and amount-ratio by class with decay,boolean / years / ratio,per feature,tax-years-delinquent cap 15,all,tax-rate & municipal-lien practice per county,amounts vs value,document-dated,absence weak,registry #1-2 equity sentinels -> unknown; #5 blanket-loan guard flag; #3 term 999/0 -> unknown (family-relevant subset; see approval packet 3C),cross-source agreement raises tier (flag+scalar+doc),one affirmative signal,direct,foreclosure urgency; landlord fatigue (vacancy),vacancy counts once though visible in flag + scalar + zombie (IX-03),none,Explains: county/city/utility/sewer liens = occupancy & maintenance distress,T-09 missing-vs-zero; T-14
F-025,property_distress,condition_grade,assessor condition/quality below market norm,a property the owner has stopped maintaining/paying on is a divestment candidate,"building_condition (ordinal), building_quality grade; effective vs actual year built gap",ordinal distance from local median,boolean / years / ratio,per feature,tax-years-delinquent cap 15,all except vacant land,tax-rate & municipal-lien practice per county,amounts vs value,slow-moving; assessor-cycle dated,"Unknown condition is its own state (4,664 rows)",registry #1-2 equity sentinels -> unknown; #5 blanket-loan guard flag; #3 term 999/0 -> unknown (family-relevant subset; see approval packet 3C),cross-source agreement raises tier (flag+scalar+doc),one affirmative signal,direct,foreclosure urgency; landlord fatigue (vacancy),vacancy counts once though visible in flag + scalar + zombie (IX-03),none,Explains: assessor condition/quality below market norm,T-09 missing-vs-zero; T-14
F-026,physical_obsolescence,effective_age,age with renovation credit (effective_year_built vs year_built),capital-expenditure burden owners cannot fund creates as-is sellers,year_built; EffectiveYearBuilt,effective-age years; renovation gap as separate signal,ordinal distance / years / class,per feature,effective-age cap 150y,all except vacant land,vs neighborhood/cohort norms (NORM §2),renovated-comp spread for repair headroom,ages annually,unknown if both missing,registry #1-2 equity sentinels -> unknown; #5 blanket-loan guard flag; #3 term 999/0 -> unknown (family-relevant subset; see approval packet 3C),assessor data vintage known,condition OR age present,direct,property_distress condition grade; discount headroom,condition feeds both distress and repair-burden — split: state vs cost (IX-04),none,Explains: age with renovation credit (effective_year_built vs year_built),T-02; T-12 asset routing
F-027,physical_obsolescence,systems_obsolescence,heating/AC/roof/construction proxies for cap-ex burden,capital-expenditure burden owners cannot fund creates as-is sellers,"heating type/fuel, AC presence-type, roof cover/type, construction, basement finish",categorical cap-ex classes summed by system,ordinal distance / years / class,per feature,effective-age cap 150y,residential 1-4 unit,vs neighborhood/cohort norms (NORM §2),renovated-comp spread for repair headroom,slow-moving,presence-only 'Yes' = present-type-unknown; missing = unknown,registry #1-2 equity sentinels -> unknown; #5 blanket-loan guard flag; #3 term 999/0 -> unknown (family-relevant subset; see approval packet 3C),assessor data vintage known,condition OR age present,contextual,property_distress condition grade; discount headroom,condition feeds both distress and repair-burden — split: state vs cost (IX-04),none,Explains: heating/AC/roof/construction proxies for cap-ex burden,T-02; T-12 asset routing
F-028,physical_obsolescence,functional_layout_deficit,beds/baths/size out of step with local norms,capital-expenditure burden owners cannot fund creates as-is sellers,"total_bedrooms/baths (outlier-guarded), building_square_feet, stories, units_count",distance from local product norm,ordinal distance / years / class,per feature,effective-age cap 150y,residential 1-4 unit,vs neighborhood/cohort norms (NORM §2),renovated-comp spread for repair headroom,static,unknown stays unknown; 0 beds on MF = data artifact,registry #1-2 equity sentinels -> unknown; #5 blanket-loan guard flag; #3 term 999/0 -> unknown (family-relevant subset; see approval packet 3C),assessor data vintage known,condition OR age present,contextual,property_distress condition grade; discount headroom,condition feeds both distress and repair-burden — split: state vs cost (IX-04),none,Explains: beds/baths/size out of step with local norms,T-02; T-12 asset routing
F-029,physical_obsolescence,repair_cost_baseline,DealMachine repair estimate — baseline only (rule 9),capital-expenditure burden owners cannot fund creates as-is sellers,estimated_repair_cost(_per_sqft) [keep_baseline],"baseline comparison only, never canonical",ordinal distance / years / class,per feature,effective-age cap 150y,residential 1-4 unit,vs neighborhood/cohort norms (NORM §2),renovated-comp spread for repair headroom,vendor-dated,absent fine,registry #1-2 equity sentinels -> unknown; #5 blanket-loan guard flag; #3 term 999/0 -> unknown (family-relevant subset; see approval packet 3C),assessor data vintage known,condition OR age present,confidence_only,property_distress condition grade; discount headroom,condition feeds both distress and repair-burden — split: state vs cost (IX-04),none,Explains: DealMachine repair estimate — baseline only (rule 9),T-02; T-12 asset routing
F-030,landlord_fatigue,tired_landlord_composite,absentee + tenure + tenant-class + fatigue flags,"distant/tired landlords with old, worn rentals exit below retail",tired_landlord flag; absentee/out_of_state; renter person-links; length of ownership; eviction-adjacent liens,flag corroborated by structural evidence (never flag alone),composite class,ordinal 0-4,distance bands capped at out-of-state,1-4 unit rental + small MF,distance computed geodesically; rental-market context,local rent context (NORM §1),batch-dated flags + slow structure,flag absent ≠ not fatigued,registry #1-2 equity sentinels -> unknown; #5 blanket-loan guard flag; #3 term 999/0 -> unknown (family-relevant subset; see approval packet 3C),requires confirmed rental (renter link or absentee+units),occupancy evidence,direct,seller_propensity tenure; portfolio behavior,absentee counts once though present as flag+owner_location+distance (IX-05),none,Explains: absentee + tenure + tenant-class + fatigue flags,T-08
F-031,landlord_fatigue,owner_distance,distance from owner mailing address to property,"distant/tired landlords with old, worn rentals exit below retail",owner_address_* geocoded vs property lat/long; out_of_state_owner flag,distance bands (local/regional/out-of-state),composite class,ordinal 0-4,distance bands capped at out-of-state,rentals primarily,distance computed geodesically; rental-market context,local rent context (NORM §1),changes on mailing-address change,unknown if owner address bad,registry #1-2 equity sentinels -> unknown; #5 blanket-loan guard flag; #3 term 999/0 -> unknown (family-relevant subset; see approval packet 3C),requires confirmed rental (renter link or absentee+units),occupancy evidence,contextual,seller_propensity tenure; portfolio behavior,absentee counts once though present as flag+owner_location+distance (IX-05),none,Explains: distance from owner mailing address to property,T-08
F-032,landlord_fatigue,assignment_of_rents_activity,ASR filings = leveraged rental context; releases = deleveraging,"distant/tired landlords with old, worn rentals exit below retail",property_liens ASR/ASRREL/ASRASN,directional event evidence,composite class,ordinal 0-4,distance bands capped at out-of-state,rental assets,distance computed geodesically; rental-market context,local rent context (NORM §1),document-dated,absence weak,registry #1-2 equity sentinels -> unknown; #5 blanket-loan guard flag; #3 term 999/0 -> unknown (family-relevant subset; see approval packet 3C),requires confirmed rental (renter link or absentee+units),occupancy evidence,contextual,seller_propensity tenure; portfolio behavior,absentee counts once though present as flag+owner_location+distance (IX-05),none,Explains: ASR filings = leveraged rental context; releases = deleveraging,T-08
F-033,portfolio_behavior,portfolio_scale,total properties owned (robust-capped),owners already liquidating or over-levered across holdings sell additional assets,"owner_portfolio_holdings.portfolio_total_properties_owned (cap guards), other_property_count, linked_properties",log-bucketed count,log-count / winsorized ratio / rate,>=0,counts log1p + cap 100 (vendor cap); equity/balance winsorize p1/p99 + hard guard +/-1e9,all,none (owner-level),disposition velocity vs market velocity (IX-12),batch snapshot,unknown ≠ 1 property,registry #1-2 equity sentinels -> unknown; #5 blanket-loan guard flag; #3 term 999/0 -> unknown (family-relevant subset; see approval packet 3C),holdings link_kind=confirmed only; tiebreak excluded,portfolio snapshot present,contextual,landlord fatigue; owner_has_multiple_properties fallback,portfolio scale vs multiple-distressed-holdings (IX-13),none,Explains: total properties owned (robust-capped),T-01 (corrupted magnitudes); T-02
F-034,portfolio_behavior,portfolio_leverage,portfolio-wide equity vs mortgage balance (garbage-guarded ±$15B),owners already liquidating or over-levered across holdings sell additional assets,portfolio_total_equity / portfolio_total_mortgage_balance / portfolio_value with robust clipping,winsorized ratio,log-count / winsorized ratio / rate,>=0,counts log1p + cap 100 (vendor cap); equity/balance winsorize p1/p99 + hard guard +/-1e9,all,none (owner-level),disposition velocity vs market velocity (IX-12),batch snapshot,unknown on guard trip,registry #1-2 equity sentinels -> unknown; #5 blanket-loan guard flag; #3 term 999/0 -> unknown (family-relevant subset; see approval packet 3C),holdings link_kind=confirmed only; tiebreak excluded,portfolio snapshot present,contextual,landlord fatigue; owner_has_multiple_properties fallback,portfolio scale vs multiple-distressed-holdings (IX-13),none,Explains: portfolio-wide equity vs mortgage balance (garbage-guarded ±$15B),T-01 (corrupted magnitudes); T-02
F-035,portfolio_behavior,liquidation_motion,recent dispositions across owner portfolio,owners already liquidating or over-levered across holdings sell additional assets,linked_properties transaction history; recently_sold flags across holdings,disposition rate over window,log-count / winsorized ratio / rate,>=0,counts log1p + cap 100 (vendor cap); equity/balance winsorize p1/p99 + hard guard +/-1e9,all,none (owner-level),disposition velocity vs market velocity (IX-12),rolling window,unknown without cross-property history,registry #1-2 equity sentinels -> unknown; #5 blanket-loan guard flag; #3 term 999/0 -> unknown (family-relevant subset; see approval packet 3C),holdings link_kind=confirmed only; tiebreak excluded,portfolio snapshot present,direct,landlord fatigue; owner_has_multiple_properties fallback,portfolio scale vs multiple-distressed-holdings (IX-13),none,Explains: recent dispositions across owner portfolio,T-01 (corrupted magnitudes); T-02
F-036,ownership_complexity,estate_probate_state,deceased owner / estate / heirship not yet settled,"estates/entities/fractions sell to simplify, but need the right counterparty process",AFD/PRO docs; date_of_death; estate deed types; owner vesting estate/surviving-spouse,staged categorical (death→probate→distribution),staged class / count,per feature,none,all,probate/foreclosure process varies by state (context only),none,document-dated progression,absence weak,registry #1-2 equity sentinels -> unknown; #5 blanket-loan guard flag; #3 term 999/0 -> unknown (family-relevant subset; see approval packet 3C),multi-source classification rows (OD-2 model) with per-row confidence,one classification evidence row,direct,authority_confidence (same documents),estate evidence must not double-count with life_event_evidence propensity (IX-14),none,Explains: deceased owner / estate / heirship not yet settled,T-14; T-03
F-037,ownership_complexity,entity_layering,LLC/corp/trust ownership with registry state,"estates/entities/fractions sell to simplify, but need the right counterparty process",vesting decompose; corp/trust signals; companies status+officers(dormant); property_company_links,categorical complexity classes,staged class / count,per feature,none,all,probate/foreclosure process varies by state (context only),none,registry-dated,unknown entity = individual assumption at low confidence,registry #1-2 equity sentinels -> unknown; #5 blanket-loan guard flag; #3 term 999/0 -> unknown (family-relevant subset; see approval packet 3C),multi-source classification rows (OD-2 model) with per-row confidence,one classification evidence row,direct,authority_confidence (same documents),estate evidence must not double-count with life_event_evidence propensity (IX-14),none,Explains: LLC/corp/trust ownership with registry state,T-14; T-03
F-038,ownership_complexity,fractional_or_multiparty,TIC/joint/multiple owners needing all signatures,"estates/entities/fractions sell to simplify, but need the right counterparty process",owner_2 presence; vesting TIC/joint; et-al; lien multi-party owner-side,count+vesting class,staged class / count,per feature,none,all,probate/foreclosure process varies by state (context only),none,transaction-dated,single-owner default at low confidence,registry #1-2 equity sentinels -> unknown; #5 blanket-loan guard flag; #3 term 999/0 -> unknown (family-relevant subset; see approval packet 3C),multi-source classification rows (OD-2 model) with per-row confidence,one classification evidence row,contextual,authority_confidence (same documents),estate evidence must not double-count with life_event_evidence propensity (IX-14),none,Explains: TIC/joint/multiple owners needing all signatures,T-14; T-03
F-039,ownership_complexity,life_estate_split,life tenant vs remainderman split,"estates/entities/fractions sell to simplify, but need the right counterparty process",vesting life-estate roles,boolean,staged class / count,per feature,none,all,probate/foreclosure process varies by state (context only),none,static until death event,absence = fee simple assumption,registry #1-2 equity sentinels -> unknown; #5 blanket-loan guard flag; #3 term 999/0 -> unknown (family-relevant subset; see approval packet 3C),multi-source classification rows (OD-2 model) with per-row confidence,one classification evidence row,contextual,authority_confidence (same documents),estate evidence must not double-count with life_event_evidence propensity (IX-14),none,Explains: life tenant vs remainderman split,T-14; T-03
F-040,authority_confidence,decision_maker_link,contact is the primary decision maker / owner themself,"gates whether the contact can actually sign (multiplicative, not motivational)",person_flags.primary_decision_maker; matching_flags Likely Owner; person_type(OD-6),tiered confidence,confidence tier,exact/high/medium/low,none,all,none,none,profile-dated,unknown tier if no evidence,registry #1-2 equity sentinels -> unknown; #5 blanket-loan guard flag; #3 term 999/0 -> unknown (family-relevant subset; see approval packet 3C),self (this IS a confidence feature),entity or fiduciary evidence,confidence_only,identity_confidence,"none (multiplicative gate, never additive)",none,Explains: contact is the primary decision maker / owner themself,T-08
F-041,authority_confidence,entity_signing_authority,live entity + (dormant) officer records to sign,"gates whether the contact can actually sign (multiplicative, not motivational)",companies.current_status normalized; company_officers (dormant); matched_party,status gate + officer presence,confidence tier,exact/high/medium/low,none,all,none,none,registry-dated,"unknown officers = confidence haircut, not block",registry #1-2 equity sentinels -> unknown; #5 blanket-loan guard flag; #3 term 999/0 -> unknown (family-relevant subset; see approval packet 3C),self (this IS a confidence feature),entity or fiduciary evidence,confidence_only,identity_confidence,"none (multiplicative gate, never additive)",none,Explains: live entity + (dormant) officer records to sign,T-08
F-042,authority_confidence,fiduciary_present,trustee/executor/POA/conservator identified,"gates whether the contact can actually sign (multiplicative, not motivational)",vesting fiduciary roles; POA docs; lien_parties administrator/executor,boolean per fiduciary class,confidence tier,exact/high/medium/low,none,all,none,none,document-dated,absence weak,registry #1-2 equity sentinels -> unknown; #5 blanket-loan guard flag; #3 term 999/0 -> unknown (family-relevant subset; see approval packet 3C),self (this IS a confidence feature),entity or fiduciary evidence,confidence_only,identity_confidence,"none (multiplicative gate, never additive)",none,Explains: trustee/executor/POA/conservator identified,T-08
F-043,identity_confidence,person_property_link_strength,how sure we are this person is this owner,gates whether we are talking to the owner at all (multiplicative),matching_type tier; matching_flags; in_owner_family; is_matching_property_as_owner; name-match owner strings,tiered score from match method + corroboration,confidence tier,exact/high/medium/low,none,all,none,none,batch-dated,no link = no outreach as owner,registry #1-2 equity sentinels -> unknown; #5 blanket-loan guard flag; #3 term 999/0 -> unknown (family-relevant subset; see approval packet 3C),self,any link evidence,confidence_only,authority_confidence; contactability,none (gate),none,Explains: how sure we are this person is this owner,T-13 vendor drift (scalar stability monitor)
F-044,identity_confidence,person_identity_key_coverage,individual_key present vs fallback-matched (61% of contact rows keyless),gates whether we are talking to the owner at all (multiplicative),individual_key parse success; household_id; name+address hash,categorical key-quality classes,confidence tier,exact/high/medium/low,none,all,none,none,static per batch,keyless = fallback confidence tier,registry #1-2 equity sentinels -> unknown; #5 blanket-loan guard flag; #3 term 999/0 -> unknown (family-relevant subset; see approval packet 3C),self,any link evidence,confidence_only,authority_confidence; contactability,none (gate),none,Explains: individual_key present vs fallback-matched (61% of contact rows keyless),T-13 vendor drift (scalar stability monitor)
F-045,identity_confidence,cross_source_agreement,property context repeats agree across child files,gates whether we are talking to the owner at all (multiplicative),link-validation repeats (address/APN/owner_hash) vs properties,agreement fraction,confidence tier,exact/high/medium/low,none,all,none,none,per batch,partial data = partial score,registry #1-2 equity sentinels -> unknown; #5 blanket-loan guard flag; #3 term 999/0 -> unknown (family-relevant subset; see approval packet 3C),self,any link evidence,confidence_only,authority_confidence; contactability,none (gate),none,Explains: property context repeats agree across child files,T-13 vendor drift (scalar stability monitor)
F-046,contactability,reachable_phone_stack,"compliant, live, ranked phones",gates whether motivation can be reached at all (multiplicative),contact_phones value/type/carrier-line-type/rank/DNC/never_call; RND & litigator tokens,best-reachable-channel tier after HARD compliance gates,channel tier,0-3 channels tiers,none,all,none,none,batch-dated; carrier churn,no phones = unreachable (not unknown),registry #1-2 equity sentinels -> unknown; #5 blanket-loan guard flag; #3 term 999/0 -> unknown (family-relevant subset; see approval packet 3C),compliance gates evaluated FIRST (DNC/RND/litigator/blocked),>=1 channel row,direct,identity_confidence,none (gate/router),none,"Explains: compliant, live, ranked phones",T-08; compliance gate unit tests
F-047,contactability,deliverable_email_stack,verified emails with linkage,gates whether motivation can be reached at all (multiplicative),contact_emails value/linkage_score/verification tier/blocked; email_1_last_seen_date,tiered deliverability,channel tier,0-3 channels tiers,none,all,none,none,verification decays with last-seen age,no email = channel absent,registry #1-2 equity sentinels -> unknown; #5 blanket-loan guard flag; #3 term 999/0 -> unknown (family-relevant subset; see approval packet 3C),compliance gates evaluated FIRST (DNC/RND/litigator/blocked),>=1 channel row,direct,identity_confidence,none (gate/router),none,Explains: verified emails with linkage,T-08; compliance gate unit tests
F-048,contactability,language_routing,preferred outreach language,gates whether motivation can be reached at all (multiplicative),people_profiles.language_preference,categorical routing (not a score),channel tier,0-3 channels tiers,none,all,none,none,profile-dated,default English at low confidence,registry #1-2 equity sentinels -> unknown; #5 blanket-loan guard flag; #3 term 999/0 -> unknown (family-relevant subset; see approval packet 3C),compliance gates evaluated FIRST (DNC/RND/litigator/blocked),>=1 channel row,contextual,identity_confidence,none (gate/router),none,Explains: preferred outreach language,T-08; compliance gate unit tests
F-049,contactability,mailing_address_quality,owner mailing address deliverability,gates whether motivation can be reached at all (multiplicative),owner_address_* completeness; care-of; foreclosure mailing address as corroboration,completeness tiers,channel tier,0-3 channels tiers,none,all,none,none,changes on transfer,missing = mail channel absent,registry #1-2 equity sentinels -> unknown; #5 blanket-loan guard flag; #3 term 999/0 -> unknown (family-relevant subset; see approval packet 3C),compliance gates evaluated FIRST (DNC/RND/litigator/blocked),>=1 channel row,contextual,identity_confidence,none (gate/router),none,Explains: owner mailing address deliverability,T-08; compliance gate unit tests
F-050,discount_potential,pressure_to_equity_ratio,total dated pressure stack vs available equity,need-for-cash vs equity headroom sets achievable discount,lien+tax+foreclosure pressure amounts; estimated_equity,composite ratio (needs-cash vs can-discount),ratio / class,"[0,1+]",pressure/equity ratio cap 2.0,all,as-is vs retail spread per cohort (NORM §1),renovated + as-is comp spreads,as-of scoring date,unknown equity blocks this feature,registry #1-2 equity sentinels -> unknown; #5 blanket-loan guard flag; #3 term 999/0 -> unknown (family-relevant subset; see approval packet 3C),equity known (blocks on unknown),equity + >=1 pressure amount,direct,financial+legal pressure (inputs),uses pressure AGGREGATE — never re-add components (IX-01/IX-06),none,Explains: total dated pressure stack vs available equity,T-01; T-05; T-08
F-051,discount_potential,prior_non_market_transfer,acquired via distress/estate/non-arms-length (low basis),need-for-cash vs equity headroom sets achievable discount,transaction document groups + price qualifiers; PrevSale distress evidence,categorical basis classes,ratio / class,"[0,1+]",pressure/equity ratio cap 2.0,all,as-is vs retail spread per cohort (NORM §1),renovated + as-is comp spreads,acquisition-dated,unknown basis = neutral,registry #1-2 equity sentinels -> unknown; #5 blanket-loan guard flag; #3 term 999/0 -> unknown (family-relevant subset; see approval packet 3C),equity known (blocks on unknown),equity + >=1 pressure amount,contextual,financial+legal pressure (inputs),uses pressure AGGREGATE — never re-add components (IX-01/IX-06),none,Dated pressure of ${p} against ${e} accessible equity.,T-01; T-05; T-08
F-052,discount_potential,condition_discount_headroom,repair burden creates as-is discount rationale,need-for-cash vs equity headroom sets achievable discount,condition grade; systems obsolescence; vacancy,compounding class,ratio / class,"[0,1+]",pressure/equity ratio cap 2.0,residential 1-4 unit,as-is vs retail spread per cohort (NORM §1),renovated + as-is comp spreads,slow-moving,unknown = neutral,registry #1-2 equity sentinels -> unknown; #5 blanket-loan guard flag; #3 term 999/0 -> unknown (family-relevant subset; see approval packet 3C),equity known (blocks on unknown),equity + >=1 pressure amount,contextual,financial+legal pressure (inputs),uses pressure AGGREGATE — never re-add components (IX-01/IX-06),none,Explains: repair burden creates as-is discount rationale,T-01; T-05; T-08
F-053,dealability,clear_path_to_close,no blocking title/authority/occupancy landmines,absence of blockers converts motivation into a closeable transaction,title complexity; entity status; estate stage; redemption windows; leasehold docs,gate stack (each blocker enumerated),gate stack / class,enumerated blockers,none,all,state process context,none direct,as-of,unknown blockers = confidence haircut,registry #1-2 equity sentinels -> unknown; #5 blanket-loan guard flag; #3 term 999/0 -> unknown (family-relevant subset; see approval packet 3C),blocker evidence dated,title+authority evidence evaluated,direct,"ownership_complexity, authority_confidence","blockers are gates, not points","listing-active is a routing gate here, allowed (not a propensity input)",Explains: no blocking title/authority/occupancy landmines,T-12; T-14
F-054,dealability,occupancy_disposition,vacant vs tenant vs owner-occupied at close,absence of blockers converts motivation into a closeable transaction,is_vacant; renter links; owner_location,categorical,gate stack / class,enumerated blockers,none,all,state process context,none direct,batch-dated,unknown occupancy = diligence flag,registry #1-2 equity sentinels -> unknown; #5 blanket-loan guard flag; #3 term 999/0 -> unknown (family-relevant subset; see approval packet 3C),blocker evidence dated,title+authority evidence evaluated,contextual,"ownership_complexity, authority_confidence","blockers are gates, not points","listing-active is a routing gate here, allowed (not a propensity input)",Explains: vacant vs tenant vs owner-occupied at close,T-12; T-14
F-055,dealability,seller_finance_openness_proxy,free-and-clear + prior seller-financing behavior,absence of blockers converts motivation into a closeable transaction,free_and_clear; seller-financed loan groups in history; land contracts,boolean evidence stack,gate stack / class,enumerated blockers,none,all,state process context,none direct,static-ish,absence weak,registry #1-2 equity sentinels -> unknown; #5 blanket-loan guard flag; #3 term 999/0 -> unknown (family-relevant subset; see approval packet 3C),blocker evidence dated,title+authority evidence evaluated,contextual,"ownership_complexity, authority_confidence","blockers are gates, not points","listing-active is a routing gate here, allowed (not a propensity input)",Explains: free-and-clear + prior seller-financing behavior,T-12; T-14
F-056,market_liquidity,local_dom_velocity,days-on-market and absorption in micro-market,exit certainty context — normalizes what a discount is worth,market_feature_snapshots (comp engine); property_listing_snapshots.days_on_market corroborates,contextual percentile,percentile / index,"[0,100]",cohort winsorize,all,cohort ladder is the feature (NORM §2),REQUIRES market_feature_snapshots (comp engine),as-of market snapshot,metro fallback when micro thin,registry #1-2 equity sentinels -> unknown; #5 blanket-loan guard flag; #3 term 999/0 -> unknown (family-relevant subset; see approval packet 3C),cohort n >= minimums (NORM §4),cohort resolvable at metro or better,contextual,buyer_demand,liquidity vs demand overlap — demand is buyer-side only (IX-11),future comps must be as-of-filtered (T-10),Explains: days-on-market and absorption in micro-market,T-10; T-11 cohort insufficiency
F-057,market_liquidity,price_band_liquidity,liquidity at THIS price point,exit certainty context — normalizes what a discount is worth,estimated_value vs market snapshot price-band volumes,band percentile,percentile / index,"[0,100]",cohort winsorize,all,cohort ladder is the feature (NORM §2),REQUIRES market_feature_snapshots (comp engine),as-of,unknown on thin data,registry #1-2 equity sentinels -> unknown; #5 blanket-loan guard flag; #3 term 999/0 -> unknown (family-relevant subset; see approval packet 3C),cohort n >= minimums (NORM §4),cohort resolvable at metro or better,contextual,buyer_demand,liquidity vs demand overlap — demand is buyer-side only (IX-11),future comps must be as-of-filtered (T-10),Explains: liquidity at THIS price point,T-10; T-11 cohort insufficiency
F-058,buyer_demand,investor_buyer_pressure,active investor buyers in area (buyer intel engine),disposition-side demand context,intel_* buyer-match rollups; buyer_purchase_events_v2 (6-state coverage caveat),demand index by geo+class,index / mix,>=0,cohort winsorize,all,geo+class cohorts,REQUIRES buyer intel (coverage-gated: no TN; TX-skewed),rolling window,coverage-gated (TN absent per data realities),registry #1-2 equity sentinels -> unknown; #5 blanket-loan guard flag; #3 term 999/0 -> unknown (family-relevant subset; see approval packet 3C),coverage gate per state (buyer data realities),cohort n >= minimums,contextual,market_liquidity,IX-11,T-10 as-of,Explains: active investor buyers in area (buyer intel engine),T-11
F-059,buyer_demand,flip_rental_exit_spread,exit-strategy demand mix for this asset,disposition-side demand context,buyer intel; comps recent flips vs rentals,mix classification,index / mix,>=0,cohort winsorize,residential 1-4 unit,geo+class cohorts,REQUIRES buyer intel (coverage-gated: no TN; TX-skewed),rolling,unknown on thin data,registry #1-2 equity sentinels -> unknown; #5 blanket-loan guard flag; #3 term 999/0 -> unknown (family-relevant subset; see approval packet 3C),coverage gate per state (buyer data realities),cohort n >= minimums,contextual,market_liquidity,IX-11,T-10 as-of,Explains: exit-strategy demand mix for this asset,T-11
F-060,expected_economic_value,expected_spread,value minus payoff minus repairs minus costs at achievable discount,ranks executable opportunities by guarded expected spread,estimated_value(comp-supersedes); loan balances; lien payoffs; repair class; local spreads,guarded arithmetic composite (anomaly-defended per Acquisition V3 lessons),USD / band / discounted USD,guarded,anomaly-defended per Acquisition V3 modules,all,all inputs cohort-normalized first,value supersession + spreads,as-of,blocks on unknown value/payoff,registry #1-2 equity sentinels -> unknown; #5 blanket-loan guard flag; #3 term 999/0 -> unknown (family-relevant subset; see approval packet 3C),multiplicative confidence discount (F-062),value + payoff + repair class known,direct,discount_potential,consumes composites only — components never re-enter (IX-06),T-10,Explains: value minus payoff minus repairs minus costs at achievable discount,T-01/02/05; T-15 stability
F-061,expected_economic_value,deal_size_band,absolute opportunity size for prioritization fairness,ranks executable opportunities by guarded expected spread,expected_spread; portfolio multi-deal potential,band classification,USD / band / discounted USD,guarded,anomaly-defended per Acquisition V3 modules,all,all inputs cohort-normalized first,value supersession + spreads,as-of,unknown = unranked,registry #1-2 equity sentinels -> unknown; #5 blanket-loan guard flag; #3 term 999/0 -> unknown (family-relevant subset; see approval packet 3C),multiplicative confidence discount (F-062),value + payoff + repair class known,contextual,discount_potential,consumes composites only — components never re-enter (IX-06),T-10,Explains: absolute opportunity size for prioritization fairness,T-01/02/05; T-15 stability
F-062,expected_economic_value,confidence_discounted_value,expected value × identity/authority/data confidences,ranks executable opportunities by guarded expected spread,expected_spread; identity/authority/link confidences,multiplicative confidence discount,USD / band / discounted USD,guarded,anomaly-defended per Acquisition V3 modules,all,all inputs cohort-normalized first,value supersession + spreads,as-of,"low confidence shrinks toward zero, never inflates",registry #1-2 equity sentinels -> unknown; #5 blanket-loan guard flag; #3 term 999/0 -> unknown (family-relevant subset; see approval packet 3C),multiplicative confidence discount (F-062),value + payoff + repair class known,direct,discount_potential,consumes composites only — components never re-enter (IX-06),T-10,Expected spread ${s} discounted by identity/authority/data confidence {c}.,T-01/02/05; T-15 stability
F-101,data_quality_confidence,agg_conflict_loan_count,vendor NumOfMortgages disagrees with populated loan slots,"source disagreement predicts data error clusters; lowers confidence, never scores distress",property_loans slots; properties.NumOfMortgages (fallback),boolean + signed delta,boolean / count / tier,per feature,none,all,none,none,batch-dated; recomputed per snapshot,unknown stays unknown; never imputed to 0/false,registry #1-2 equity sentinels -> unknown; #5 blanket-loan guard flag; #3 term 999/0 -> unknown (family-relevant subset; see approval packet 3C),self,both sides of a comparison present,confidence_only,none,none,none,Vendor counts {n} open mortgages; normalized records show {m}.,T-14; known baseline: >=160 disagreement rows in v3 batch
F-102,data_quality_confidence,agg_conflict_loan_totals,TotalLoanAmt/Balance/Payment checksum vs slot sums,checksum breaks flag ingestion or vendor drift,property_loans slots; TotalLoan* checksums,abs+relative delta with tolerance,boolean / count / tier,per feature,none,all,none,none,batch-dated; recomputed per snapshot,unknown stays unknown; never imputed to 0/false,registry #1-2 equity sentinels -> unknown; #5 blanket-loan guard flag; #3 term 999/0 -> unknown (family-relevant subset; see approval packet 3C),self,both sides of a comparison present,confidence_only,none,none,none,TotalLoanAmt/Balance/Payment checksum vs slot sums,"T-14; v3 baseline: Amt/Balance exact, Payment residual 0.015%"
F-103,data_quality_confidence,agg_conflict_open_liens,TotalOpenLienNbr (fallback) vs release-netted open lien episodes,vendor openness knowledge vs our netting — disagreement routes to review and haircuts lien confidence,property_liens episodes; TotalOpenLienNbr,signed delta,boolean / count / tier,per feature,none,all,none,none,batch-dated; recomputed per snapshot,unknown stays unknown; never imputed to 0/false,registry #1-2 equity sentinels -> unknown; #5 blanket-loan guard flag; #3 term 999/0 -> unknown (family-relevant subset; see approval packet 3C),self,both sides of a comparison present,confidence_only,none,none,none,TotalOpenLienNbr (fallback) vs release-netted open lien episodes,T-03; T-04; T-14
F-104,data_quality_confidence,corp_class_conflict,multi-source entity classifications disagree (OD-2 654-row set),"classification conflict = authority risk and data risk; surfaced, never averaged","ownership classification rows (corp_owner, is_corporate_owner, owner_status, is_trust, vesting)",count of contradictory classification pairs,boolean / count / tier,per feature,none,all,none,none,batch-dated; recomputed per snapshot,unknown stays unknown; never imputed to 0/false,registry #1-2 equity sentinels -> unknown; #5 blanket-loan guard flag; #3 term 999/0 -> unknown (family-relevant subset; see approval packet 3C),self,both sides of a comparison present,confidence_only,none,none,none,multi-source entity classifications disagree (OD-2 654-row set),T-14
F-105,data_quality_confidence,portfolio_magnitude_guard,portfolio totals outside plausibility bounds,"corrupted magnitudes must void portfolio features, not enter them",owner_portfolio_holdings totals,"guard boolean (+/-1e9 hard, p1/p99 soft)",boolean / count / tier,per feature,none,all,none,none,batch-dated; recomputed per snapshot,unknown stays unknown; never imputed to 0/false,registry #1-2 equity sentinels -> unknown; #5 blanket-loan guard flag; #3 term 999/0 -> unknown (family-relevant subset; see approval packet 3C),self,both sides of a comparison present,confidence_only,none,none,none,portfolio totals outside plausibility bounds,T-01; v3 baseline: min -$15.0B equity observed
F-110,identity_confidence,link_evidence_tier,ownership-link tier from matching_flags tokens + matching_type method + is_matching verdict,stronger match evidence -> outreach and person-level features apply,matching_flags tokens; matching_type; is_matching_property_as_owner; person_flags owner/renter,tier ladder: auto_match+token > address+token > token-only > tiebreaker,confidence tier,exact/high/medium/low,none,all,none,none,batch-dated; recomputed per snapshot,unknown stays unknown; never imputed to 0/false,registry #1-2 equity sentinels -> unknown; #5 blanket-loan guard flag; #3 term 999/0 -> unknown (family-relevant subset; see approval packet 3C),tokens present (99.99% populated); QA-verified vs match verdict (1.2% disagreement),any link evidence,confidence_only,authority_confidence; contactability,none (gate),none,ownership-link tier from matching_flags tokens + matching_type method + is_matching verdict,OD-13 crosstab regression; T-13
F-111,identity_confidence,link_scalar_corroboration,batch-live likely_owner=True upgrades the link tier one step (subset semantics per QA),scalar True is a vendor higher-precision subset (95-100% within token),prospects.likely_owner + per-batch liveness monitor,conditional tier bump,confidence tier,exact/high/medium/low,none,all,none,none,batch-dated; recomputed per snapshot,unknown stays unknown; never imputed to 0/false,registry #1-2 equity sentinels -> unknown; #5 blanket-loan guard flag; #3 term 999/0 -> unknown (family-relevant subset; see approval packet 3C),ONLY in batches where scalar population is live (>1% True rate),any link evidence,confidence_only,authority_confidence; contactability,none (gate),none,batch-live likely_owner=True upgrades the link tier one step (subset semantics per QA),per-batch scalar-liveness monitor; QA finding 1
F-112,identity_confidence,renter_block,person_flags.renter (or R code) hard-blocks outreach-as-owner regardless of tokens,"renter contact is not the seller; 1,029 token-conflicts observed in QA batch",person_flags.renter; homeowner H/R,hard gate boolean,confidence tier,exact/high/medium/low,none,all,none,none,batch-dated; recomputed per snapshot,unknown stays unknown; never imputed to 0/false,registry #1-2 equity sentinels -> unknown; #5 blanket-loan guard flag; #3 term 999/0 -> unknown (family-relevant subset; see approval packet 3C),self,any link evidence,confidence_only,authority_confidence; contactability,none (gate),none,person_flags.renter (or R code) hard-blocks outreach-as-owner regardless of tokens,pre-send eligibility suite; QA finding 5
F-113,data_quality_confidence,link_evidence_stability,per-batch population monitor for scalar/token export drift,"vendor export schema drifts across captures (11,195-row column gap observed within 2 days)",batch-level population rates of link fields,batch metric vs trailing baseline,boolean / count / tier,per feature,none,all,none,none,batch-dated; recomputed per snapshot,unknown stays unknown; never imputed to 0/false,registry #1-2 equity sentinels -> unknown; #5 blanket-loan guard flag; #3 term 999/0 -> unknown (family-relevant subset; see approval packet 3C),self,both sides of a comparison present,confidence_only,none,none,none,per-batch population monitor for scalar/token export drift,T-13
F-120,financial_pressure,income_tier_normalized,normalized vendor tier: income_tier_normalized,low income relative to local carrying cost -> strain (tested for incremental value),est_household_income band (code) + cohort cost context,"ordinal band, versioned domain mapping",ratio (dimensionless),"[0, ~2] typical",winsorize p1/p99 within cohort; blanket-loan guard excludes before winsorizing,all,ratios vs cohort medians (NORM §1/§2),estimated_value supersession by comp engine,batch-dated; recomputed per snapshot,unknown stays unknown; never imputed to 0/false,registry #1-2 equity sentinels -> unknown; #5 blanket-loan guard flag; #3 term 999/0 -> unknown (family-relevant subset; see approval packet 3C),OD-11: versioned + coverage & vendor-drift evaluated + incremental-value tested before model entry,value + at least one debt component,direct,equity features are arithmetic complements of LTV,LTV vs thin-equity vs equity-$ — pick one per model via interaction matrix IX-01,none material,normalized vendor tier: income_tier_normalized,T-13 drift; holdout incremental-value test (Phase 3)
F-121,financial_pressure,net_asset_tier,normalized vendor tier: net_asset_tier,thin non-property assets -> property is the liquidity source,net_asset_value band,"ordinal band, versioned domain mapping",ratio (dimensionless),"[0, ~2] typical",winsorize p1/p99 within cohort; blanket-loan guard excludes before winsorizing,all,ratios vs cohort medians (NORM §1/§2),estimated_value supersession by comp engine,batch-dated; recomputed per snapshot,unknown stays unknown; never imputed to 0/false,registry #1-2 equity sentinels -> unknown; #5 blanket-loan guard flag; #3 term 999/0 -> unknown (family-relevant subset; see approval packet 3C),OD-11: versioned + coverage & vendor-drift evaluated + incremental-value tested before model entry,value + at least one debt component,direct,equity features are arithmetic complements of LTV,LTV vs thin-equity vs equity-$ — pick one per model via interaction matrix IX-01,none material,normalized vendor tier: net_asset_tier,T-13 drift; holdout incremental-value test (Phase 3)
F-122,financial_pressure,buying_power_tier_versioned,normalized vendor tier: buying_power_tier_versioned,vendor strain tier corroborates computed strain,buying_power (OD-5 dual families kept as separate versions),"ordinal band, versioned domain mapping",ratio (dimensionless),"[0, ~2] typical",winsorize p1/p99 within cohort; blanket-loan guard excludes before winsorizing,all,ratios vs cohort medians (NORM §1/§2),estimated_value supersession by comp engine,batch-dated; recomputed per snapshot,unknown stays unknown; never imputed to 0/false,registry #1-2 equity sentinels -> unknown; #5 blanket-loan guard flag; #3 term 999/0 -> unknown (family-relevant subset; see approval packet 3C),OD-11: versioned + coverage & vendor-drift evaluated + incremental-value tested before model entry,value + at least one debt component,direct,equity features are arithmetic complements of LTV,LTV vs thin-equity vs equity-$ — pick one per model via interaction matrix IX-01,none material,normalized vendor tier: buying_power_tier_versioned,T-13 drift; holdout incremental-value test (Phase 3)
F-123,financial_pressure,credit_tier,normalized vendor tier: credit_tier,sub-prime tier correlates with payment distress,agg_credit_tier ordinal,"ordinal band, versioned domain mapping",ratio (dimensionless),"[0, ~2] typical",winsorize p1/p99 within cohort; blanket-loan guard excludes before winsorizing,all,ratios vs cohort medians (NORM §1/§2),estimated_value supersession by comp engine,batch-dated; recomputed per snapshot,unknown stays unknown; never imputed to 0/false,registry #1-2 equity sentinels -> unknown; #5 blanket-loan guard flag; #3 term 999/0 -> unknown (family-relevant subset; see approval packet 3C),OD-11: versioned + coverage & vendor-drift evaluated + incremental-value tested before model entry,value + at least one debt component,direct,equity features are arithmetic complements of LTV,LTV vs thin-equity vs equity-$ — pick one per model via interaction matrix IX-01,none material,normalized vendor tier: credit_tier,T-13 drift; holdout incremental-value test (Phase 3)
F-124,portfolio_behavior,investments_profile,normalized vendor tier: investments_profile,RE-investor profile shifts owner into portfolio-behavior treatment,investments boolean + investment_type tokens,"ordinal band, versioned domain mapping",log-count / winsorized ratio / rate,>=0,counts log1p + cap 100 (vendor cap); equity/balance winsorize p1/p99 + hard guard +/-1e9,all,none (owner-level),disposition velocity vs market velocity (IX-12),batch-dated; recomputed per snapshot,unknown stays unknown; never imputed to 0/false,registry #1-2 equity sentinels -> unknown; #5 blanket-loan guard flag; #3 term 999/0 -> unknown (family-relevant subset; see approval packet 3C),OD-11: versioned + coverage & vendor-drift evaluated + incremental-value tested before model entry,portfolio snapshot present,direct,landlord fatigue; owner_has_multiple_properties fallback,portfolio scale vs multiple-distressed-holdings (IX-13),none,normalized vendor tier: investments_profile,T-13 drift; holdout incremental-value test (Phase 3)
F-125,portfolio_behavior,business_owner_indicator,normalized vendor tier: business_owner_indicator,business cash-flow stress can force asset sales (interaction with liens/UCC),business_owner + home_business + person_flags,"ordinal band, versioned domain mapping",log-count / winsorized ratio / rate,>=0,counts log1p + cap 100 (vendor cap); equity/balance winsorize p1/p99 + hard guard +/-1e9,all,none (owner-level),disposition velocity vs market velocity (IX-12),batch-dated; recomputed per snapshot,unknown stays unknown; never imputed to 0/false,registry #1-2 equity sentinels -> unknown; #5 blanket-loan guard flag; #3 term 999/0 -> unknown (family-relevant subset; see approval packet 3C),OD-11: versioned + coverage & vendor-drift evaluated + incremental-value tested before model entry,portfolio snapshot present,direct,landlord fatigue; owner_has_multiple_properties fallback,portfolio scale vs multiple-distressed-holdings (IX-13),none,normalized vendor tier: business_owner_indicator,T-13 drift; holdout incremental-value test (Phase 3)
F-126,portfolio_behavior,residence_duration,normalized vendor tier: residence_duration,duration modulates tenure features for owner-occupants,length_of_residence (years; 1 may mean <=1; cap 52),"ordinal band, versioned domain mapping",log-count / winsorized ratio / rate,>=0,counts log1p + cap 100 (vendor cap); equity/balance winsorize p1/p99 + hard guard +/-1e9,all,none (owner-level),disposition velocity vs market velocity (IX-12),batch-dated; recomputed per snapshot,unknown stays unknown; never imputed to 0/false,registry #1-2 equity sentinels -> unknown; #5 blanket-loan guard flag; #3 term 999/0 -> unknown (family-relevant subset; see approval packet 3C),OD-11: versioned + coverage & vendor-drift evaluated + incremental-value tested before model entry,portfolio snapshot present,contextual,landlord fatigue; owner_has_multiple_properties fallback,portfolio scale vs multiple-distressed-holdings (IX-13),none,normalized vendor tier: residence_duration,T-13 drift; holdout incremental-value test (Phase 3)
F-127,portfolio_behavior,portfolio_ownership_indicator,normalized vendor tier: portfolio_ownership_indicator,"multi-property owners behave as investors, not occupants",portfolio counts + owner_has_multiple_properties fallback,"ordinal band, versioned domain mapping",log-count / winsorized ratio / rate,>=0,counts log1p + cap 100 (vendor cap); equity/balance winsorize p1/p99 + hard guard +/-1e9,all,none (owner-level),disposition velocity vs market velocity (IX-12),batch-dated; recomputed per snapshot,unknown stays unknown; never imputed to 0/false,registry #1-2 equity sentinels -> unknown; #5 blanket-loan guard flag; #3 term 999/0 -> unknown (family-relevant subset; see approval packet 3C),OD-11: versioned + coverage & vendor-drift evaluated + incremental-value tested before model entry,portfolio snapshot present,direct,landlord fatigue; owner_has_multiple_properties fallback,portfolio scale vs multiple-distressed-holdings (IX-13),none,normalized vendor tier: portfolio_ownership_indicator,T-13 drift; holdout incremental-value test (Phase 3)
F-130,market_liquidity,value_percentile_in_cohort,property value percentile within its comparison cohort,price-band position drives liquidity and buyer pool,estimated_value; cohort stats (NORM §2),percentile,percentile / index,"[0,100]",cohort winsorize,all,cohort ladder is the feature (NORM §2),REQUIRES market_feature_snapshots (comp engine),batch-dated; recomputed per snapshot,unknown stays unknown; never imputed to 0/false,registry #1-2 equity sentinels -> unknown; #5 blanket-loan guard flag; #3 term 999/0 -> unknown (family-relevant subset; see approval packet 3C),cohort n >= minimums (NORM §4),cohort resolvable at metro or better,contextual,buyer_demand,liquidity vs demand overlap — demand is buyer-side only (IX-11),future comps must be as-of-filtered (T-10),property value percentile within its comparison cohort,T-11
F-131,financial_pressure,tax_burden_ratio,annual tax vs value and vs cohort,high relative tax burden pressures low-cash owners,TaxAmt; estimated_value; cohort medians,ratio + cohort percentile,ratio (dimensionless),"[0, ~2] typical",winsorize p1/p99 within cohort; blanket-loan guard excludes before winsorizing,all,ratios vs cohort medians (NORM §1/§2),estimated_value supersession by comp engine,batch-dated; recomputed per snapshot,unknown stays unknown; never imputed to 0/false,registry #1-2 equity sentinels -> unknown; #5 blanket-loan guard flag; #3 term 999/0 -> unknown (family-relevant subset; see approval packet 3C),valuation snapshot fresh <=180d,value + at least one debt component,direct,equity features are arithmetic complements of LTV,LTV vs thin-equity vs equity-$ — pick one per model via interaction matrix IX-01,none material,annual tax vs value and vs cohort,T-05 blanket-loan; T-01 sentinels; T-02 impossible values
F-132,physical_obsolescence,repair_ratio_normalized,repair class cost vs value vs renovated-comp spread,repair burden only matters relative to value and local rehab economics,condition/systems classes; comp spreads,ratio class,ordinal distance / years / class,per feature,effective-age cap 150y,all,vs neighborhood/cohort norms (NORM §2),renovated-comp spread for repair headroom,batch-dated; recomputed per snapshot,unknown stays unknown; never imputed to 0/false,registry #1-2 equity sentinels -> unknown; #5 blanket-loan guard flag; #3 term 999/0 -> unknown (family-relevant subset; see approval packet 3C),assessor data vintage known,condition OR age present,contextual,property_distress condition grade; discount headroom,condition feeds both distress and repair-burden — split: state vs cost (IX-04),none,repair class cost vs value vs renovated-comp spread,T-02; T-12 asset routing
F-133,seller_propensity,holding_period_appreciation,"estimated appreciation since acquisition (basis vs value, qualifier-gated)",large embedded gain + life-stage/portfolio context -> willing seller at discount from retail,transactions[current] price+qualifier; estimated_value; cohort appreciation,"ratio, qualifier-gated",score component / ordinal class,family-specific,event recency capped at 10y lookback,all,event base rates per county cohort (NORM §2),none direct; market context via interactions,batch-dated; recomputed per snapshot,unknown stays unknown; never imputed to 0/false,registry #1-2 equity sentinels -> unknown; #5 blanket-loan guard flag; #3 term 999/0 -> unknown (family-relevant subset; see approval packet 3C),link tier >= medium for person-sourced deps,>=1 dated evidence item,direct,other propensity evidence features,life-event evidence also appears in ownership_complexity — count once via interaction matrix IX-14,uses acquisition-time price only (no future info),"estimated appreciation since acquisition (basis vs value, qualifier-gated)",T-06 price-qualifier gating
F-134,seller_propensity,cash_purchase_indicator,acquired without recorded purchase-money loan,cash buyers with low basis have flexible exits (IX-09 context),transactions[current]; absence of concurrent loan at acquisition,boolean with absence-of-evidence caveat,score component / ordinal class,family-specific,event recency capped at 10y lookback,all,event base rates per county cohort (NORM §2),none direct; market context via interactions,batch-dated; recomputed per snapshot,loan absence is weak evidence where mortgage coverage is thin,registry #1-2 equity sentinels -> unknown; #5 blanket-loan guard flag; #3 term 999/0 -> unknown (family-relevant subset; see approval packet 3C),link tier >= medium for person-sourced deps,>=1 dated evidence item,contextual,other propensity evidence features,life-event evidence also appears in ownership_complexity — count once via interaction matrix IX-14,MLS-listed-now and recently_sold are near-outcome states: excluded from propensity inputs for the horizon models (T-10),acquired without recorded purchase-money loan,T-10 leakage; T-08 duplicate-signal
F-135,legal_title_pressure,release_recency_positive,recent satisfaction/release of a prior lien,resolved distress = owner just cleaned title; mild sell-prep signal,lien episodes closed by release; release dates,boolean with 24m decay,class-weighted count / ratio,>=0,per-episode amount ratio capped at 1.0 of value,all,lien base rates per county (recording practice varies),amounts relative to value (NORM §1),batch-dated; recomputed per snapshot,unknown stays unknown; never imputed to 0/false,registry #1-2 equity sentinels -> unknown; #5 blanket-loan guard flag; #3 term 999/0 -> unknown (family-relevant subset; see approval packet 3C),owner-side party match required (dedup §12),doc type + date present,contextual,foreclosure urgency (LIS overlaps stage ladder),must NOT also count as open-lien pressure (T-04),none,recent satisfaction/release of a prior lien,T-03 duplicate episodes; T-04 release netting
F-136,foreclosure_urgency,episode_resolution_recency,foreclosure episode recently resolved without transfer,near-miss foreclosure predicts renewed distress,closed foreclosure episodes; resolution evidence,recency decay 36m,ordinal stage / days,stage 0-4; days>=0,days-to-auction floor 0,all,judicial vs non-judicial state timelines (NORM §3),default depth vs value/equity,batch-dated; recomputed per snapshot,unknown stays unknown; never imputed to 0/false,registry #1-2 equity sentinels -> unknown; #5 blanket-loan guard flag; #3 term 999/0 -> unknown (family-relevant subset; see approval packet 3C),event payload present (1% coverage: absence = strong negative in covered lists),document_type + one date,contextual,"legal_title_pressure (LIS), property_distress (bank_owned)",preforeclosure flags corroborate but never add to the stage score (IX-02),episode resolution dates must be as-of-guarded (T-10),foreclosure episode recently resolved without transfer,T-10
F-137,property_distress,deferred_maintenance_proxy,condition below cohort + age gap + municipal/utility liens combined state,visible neglect proxies owner disengagement,condition grade; effective-age gap; LENUTL/LENSWR episodes,composite class,boolean / years / ratio,per feature,tax-years-delinquent cap 15,all,tax-rate & municipal-lien practice per county,amounts vs value,batch-dated; recomputed per snapshot,unknown stays unknown; never imputed to 0/false,registry #1-2 equity sentinels -> unknown; #5 blanket-loan guard flag; #3 term 999/0 -> unknown (family-relevant subset; see approval packet 3C),cross-source agreement raises tier (flag+scalar+doc),one affirmative signal,direct,foreclosure urgency; landlord fatigue (vacancy),components also exist standalone — IX-04 arbitrates,none,condition below cohort + age gap + municipal/utility liens combined state,T-09 missing-vs-zero; T-14
